gt4py:gtcuda,gt4py:gtmc,gt4py:gtx86
7.40204668007209,33.60426197515335,34.319234369148035
8.174734232015908,,
7.927317988098366,,
7.923421143961605,,
