gt4py:gtcuda,gt4py:gtmc,gt4py:gtx86
7.40204668007209,33.60426197515335,34.319234369148035
