gt4py:gtx86,gt4py:gtc:gt:cpu_kfirst
37.23255960400001,39.84448188700002
44.75103089100001,35.30408286700003
37.36928403700001,
